{
  "__comment": "Instructions: https://blakesmods.com/docs/cucumber/tags-config",
  "forge:rubber": "null",
  "forge:gems/peridot": "null",
  "forge:ingots/platinum": "null",
  "forge:ingots/invar": "null",
  "forge:gems/sapphire": "null",
  "forge:ingots/chrome": "null",
  "forge:ingots/graphite": "null",
  "forge:ingots/titanium": "null",
  "forge:gems/apatite": "null",
  "forge:silicon": "null",
  "forge:ingots/bronze": "null",
  "forge:dusts/saltpeter": "immersiveengineering:dust_saltpeter",
  "forge:ingots/tungsten": "null",
  "forge:dusts/niter": "null",
  "forge:gems/ruby": "null",
  "forge:ingots/mithril": "null",
  "forge:ingots/iridium": "null",
  "forge:ingots/tin": "null"
}